{
    "img_path": "/home/penlin_m@WMGDS.WMG.WARWICK.AC.UK/Documents/GitHub/MonoCPG/data/datasetv2/images/064598.jpg",
    "img_name": "064598.jpg",
    "keypoint_1": {
        "index": 1,
        "uv": [
            878,
            377
        ],
        "direction": [
            [
                -0.523943048260155
            ],
            [
                -0.7662518098810233
            ],
            [
                0.3719433190305999
            ]
        ],
        "3D": [
            59.98663690009848,
            157.0013059161303,
            0.0
        ]
    },
    "keypoint_2": {
        "index": 2,
        "uv": [
            1165,
            514
        ],
        "direction": [
            [
                -0.2788099227468965
            ],
            [
                -0.8359574196987677
            ],
            [
                0.472694613988827
            ]
        ],
        "3D": [
            51.79830970135586,
            154.08493642532866,
            0.0
        ]
    },
    "keypoint_3": {
        "index": 3,
        "uv": [
            1193,
            474
        ],
        "direction": [
            [
                -0.2649929483703643
            ],
            [
                -0.8578529750078776
            ],
            [
                0.44030329214363706
            ]
        ],
        "3D": [
            51.91841851057333,
            155.88322872698456,
            0.0
        ]
    },
    "keypoint_4": {
        "index": 4,
        "uv": [
            1154,
            419
        ],
        "direction": [
            [
                -0.3063542760926757
            ],
            [
                -0.8635641913344276
            ],
            [
                0.4005045873781111
            ]
        ],
        "3D": [
            53.54920766821206,
            157.9619051204312,
            0.0
        ]
    },
    "keypoint_5": {
        "index": 5,
        "uv": [
            922,
            434
        ],
        "direction": [
            [
                -0.482460228147729
            ],
            [
                -0.7698663832445536
            ],
            [
                0.41777729126215374
            ]
        ],
        "3D": [
            57.44826359015734,
            154.82767425004596,
            0.0
        ]
    },
    "pi_1": [
        -0.33551664042275703,
        0.94203427963075,
        0,
        126.57812818115589
    ],
    "pi_2": [
        0.94203427963075,
        0.33551664042275703,
        0,
        99.55781475631898
    ],
    "vertices": {
        "a1": [
            58.83907400621214,
            155.3230278145071,
            0.8146464638967998
        ],
        "a2": [
            51.31780598723809,
            152.6442393330153,
            0.8146464638967998
        ],
        "a3": [
            51.103637165724486,
            153.24556381945422,
            1.3538130381219187
        ],
        "a4": [
            51.71262068666678,
            152.7848572536219,
            2.401015976043654
        ]
    }
}{
    "img_path": "/home/penlin_m@WMGDS.WMG.WARWICK.AC.UK/Documents/GitHub/MonoCPG/data/datasetv2/images/064597.jpg",
    "img_name": "064597.jpg",
    "keypoint_1": {
        "index": 1,
        "uv": [
            878,
            377
        ],
        "direction": [
            [
                -0.523943048260155
            ],
            [
                -0.7662518098810233
            ],
            [
                0.3719433190305999
            ]
        ],
        "3D": [
            59.98663690009848,
            157.0013059161303,
            0.0
        ]
    },
    "keypoint_2": {
        "index": 2,
        "uv": [
            1165,
            514
        ],
        "direction": [
            [
                -0.2788099227468965
            ],
            [
                -0.8359574196987677
            ],
            [
                0.472694613988827
            ]
        ],
        "3D": [
            51.79830970135586,
            154.08493642532866,
            0.0
        ]
    },
    "keypoint_3": {
        "index": 3,
        "uv": [
            1193,
            474
        ],
        "direction": [
            [
                -0.2649929483703643
            ],
            [
                -0.8578529750078776
            ],
            [
                0.44030329214363706
            ]
        ],
        "3D": [
            51.91841851057333,
            155.88322872698456,
            0.0
        ]
    },
    "keypoint_4": {
        "index": 4,
        "uv": [
            1154,
            419
        ],
        "direction": [
            [
                -0.3063542760926757
            ],
            [
                -0.8635641913344276
            ],
            [
                0.4005045873781111
            ]
        ],
        "3D": [
            53.54920766821206,
            157.9619051204312,
            0.0
        ]
    },
    "keypoint_5": {
        "index": 5,
        "uv": [
            922,
            434
        ],
        "direction": [
            [
                -0.482460228147729
            ],
            [
                -0.7698663832445536
            ],
            [
                0.41777729126215374
            ]
        ],
        "3D": [
            57.44826359015734,
            154.82767425004596,
            0.0
        ]
    },
    "pi_1": [
        -0.33551664042275703,
        0.94203427963075,
        0,
        126.57812818115589
    ],
    "pi_2": [
        0.94203427963075,
        0.33551664042275703,
        0,
        99.55781475631898
    ],
    "vertices": {
        "a1": [
            58.83907400621214,
            155.3230278145071,
            0.8146464638967998
        ],
        "a2": [
            51.31780598723809,
            152.6442393330153,
            0.8146464638967998
        ],
        "a3": [
            51.103637165724486,
            153.24556381945422,
            1.3538130381219187
        ],
        "a4": [
            51.71262068666678,
            152.7848572536219,
            2.401015976043654
        ]
    }
}