{
    "img_path": "/home/penlin_m@WMGDS.WMG.WARWICK.AC.UK/Documents/GitHub/MonoCPG/data/datasetv2/images/064597.jpg",
    "img_name": "064597.jpg",
    "keypoint_1": {
        "index": 1,
        "uv": [
            868,
            405
        ],
        "direction": [
            [
                -0.52667425125662
            ],
            [
                -0.753324555710256
            ],
            [
                0.39384810959925837
            ]
        ],
        "3D": [
            59.27252200581876,
            155.527286315447,
            0.0
        ]
    },
    "keypoint_2": {
        "index": 2,
        "uv": [
            1184,
            535
        ],
        "direction": [
            [
                -0.2594185696044393
            ],
            [
                -0.8339929914579823
            ],
            [
                0.48698837170701353
            ]
        ],
        "3D": [
            51.2269972072457,
            153.5255216738468,
            0.0
        ]
    },
    "keypoint_3": {
        "index": 3,
        "uv": [
            1252,
            505
        ],
        "direction": [
            [
                -0.2125116728415563
            ],
            [
                -0.8628518309045967
            ],
            [
                0.45861256451762095
            ]
        ],
        "3D": [
            50.53379526169504,
            155.214395802962,
            0.0
        ]
    },
    "keypoint_4": {
        "index": 4,
        "uv": [
            1181,
            422
        ],
        "direction": [
            [
                -0.284571330759796
            ],
            [
                -0.8706710224594868
            ],
            [
                0.4011871227018505
            ]
        ],
        "3D": [
            52.993231927368726,
            158.10236712972818,
            0.0
        ]
    },
    "keypoint_5": {
        "index": 5,
        "uv": [
            927,
            458
        ],
        "direction": [
            [
                -0.47434655845844936
            ],
            [
                -0.7644079164989623
            ],
            [
                0.43666447557969557
            ]
        ],
        "3D": [
            56.76295279295914,
            153.90561264422,
            0.0
        ]
    },
    "pi_1": [
        -0.24144379550282988,
        0.9704148049227134,
        0,
        135.64722230437144
    ],
    "pi_2": [
        0.9704148049227134,
        0.24144379550282988,
        0,
        86.1919510679474
    ],
    "vertices": {
        "a1": [
            58.42846858832459,
            154.32000085538812,
            0.6311849157001905
        ],
        "a2": [
            50.89076517892665,
            152.44458457844394,
            0.6311849157001852
        ],
        "a3": [
            50.36855279172744,
            154.54346904468906,
            0.35660287223643117
        ],
        "a4": [
            51.166453258895025,
            152.51317707730607,
            2.575382684760677
        ]
    }
}